{
  "ViewShareSkill" : {
    "transaction" : "ViewShareSkill",
    "sampleCount" : 100,
    "errorCount" : 0,
    "errorPct" : 0.0,
    "meanResTime" : 2.4600000000000004,
    "medianResTime" : 2.0,
    "minResTime" : 1.0,
    "maxResTime" : 6.0,
    "pct1ResTime" : 3.9000000000000057,
    "pct2ResTime" : 4.0,
    "pct3ResTime" : 5.989999999999995,
    "throughput" : 1.0262620457507619,
    "receivedKBytesPerSec" : 0.17638878911341221,
    "sentKBytesPerSec" : 0.5882967000543918
  },
  "Update Skills" : {
    "transaction" : "Update Skills",
    "sampleCount" : 100,
    "errorCount" : 0,
    "errorPct" : 0.0,
    "meanResTime" : 171.63,
    "medianResTime" : 166.5,
    "minResTime" : 156.0,
    "maxResTime" : 473.0,
    "pct1ResTime" : 174.0,
    "pct2ResTime" : 179.89999999999998,
    "pct3ResTime" : 472.2999999999996,
    "throughput" : 1.0180085716321732,
    "receivedKBytesPerSec" : 0.20578884211705065,
    "sentKBytesPerSec" : 0.6561383371847991
  },
  "AddShareSkill" : {
    "transaction" : "AddShareSkill",
    "sampleCount" : 100,
    "errorCount" : 0,
    "errorPct" : 0.0,
    "meanResTime" : 86.55000000000001,
    "medianResTime" : 84.5,
    "minResTime" : 77.0,
    "maxResTime" : 151.0,
    "pct1ResTime" : 92.0,
    "pct2ResTime" : 95.94999999999999,
    "pct3ResTime" : 150.54999999999978,
    "throughput" : 1.0254201659129827,
    "receivedKBytesPerSec" : 0.224310661293465,
    "sentKBytesPerSec" : 1.6873368941048594
  },
  "Add Education" : {
    "transaction" : "Add Education",
    "sampleCount" : 100,
    "errorCount" : 0,
    "errorPct" : 0.0,
    "meanResTime" : 121.80000000000004,
    "medianResTime" : 117.0,
    "minResTime" : 106.0,
    "maxResTime" : 165.0,
    "pct1ResTime" : 150.9,
    "pct2ResTime" : 154.89999999999998,
    "pct3ResTime" : 165.0,
    "throughput" : 1.02183664919326,
    "receivedKBytesPerSec" : 0.20656268201465314,
    "sentKBytesPerSec" : 0.7214725560221943
  },
  "DeleteShareSkill" : {
    "transaction" : "DeleteShareSkill",
    "sampleCount" : 100,
    "errorCount" : 0,
    "errorPct" : 0.0,
    "meanResTime" : 171.32999999999996,
    "medianResTime" : 170.5,
    "minResTime" : 150.0,
    "maxResTime" : 197.0,
    "pct1ResTime" : 181.8,
    "pct2ResTime" : 183.0,
    "pct3ResTime" : 196.92999999999995,
    "throughput" : 1.0243802499487809,
    "receivedKBytesPerSec" : 0.19007055418971522,
    "sentKBytesPerSec" : 0.5912194606637984
  },
  "Delete Education" : {
    "transaction" : "Delete Education",
    "sampleCount" : 100,
    "errorCount" : 0,
    "errorPct" : 0.0,
    "meanResTime" : 48.23,
    "medianResTime" : 44.0,
    "minResTime" : 40.0,
    "maxResTime" : 228.0,
    "pct1ResTime" : 48.900000000000006,
    "pct2ResTime" : 54.0,
    "pct3ResTime" : 228.0,
    "throughput" : 1.022892330353307,
    "receivedKBytesPerSec" : 0.217764187516622,
    "sentKBytesPerSec" : 0.5953553016509482
  },
  "Disable/Enable" : {
    "transaction" : "Disable/Enable",
    "sampleCount" : 100,
    "errorCount" : 0,
    "errorPct" : 0.0,
    "meanResTime" : 126.23,
    "medianResTime" : 126.0,
    "minResTime" : 110.0,
    "maxResTime" : 148.0,
    "pct1ResTime" : 134.0,
    "pct2ResTime" : 136.95,
    "pct3ResTime" : 147.93999999999997,
    "throughput" : 1.025010250102501,
    "receivedKBytesPerSec" : 0.19018744874948748,
    "sentKBytesPerSec" : 0.5815731985444854
  },
  "Delete Skills" : {
    "transaction" : "Delete Skills",
    "sampleCount" : 100,
    "errorCount" : 0,
    "errorPct" : 0.0,
    "meanResTime" : 44.640000000000015,
    "medianResTime" : 44.5,
    "minResTime" : 40.0,
    "maxResTime" : 56.0,
    "pct1ResTime" : 48.900000000000006,
    "pct2ResTime" : 49.94999999999999,
    "pct3ResTime" : 55.989999999999995,
    "throughput" : 1.0224635236137951,
    "receivedKBytesPerSec" : 0.19171191067758658,
    "sentKBytesPerSec" : 0.6590096929542039
  },
  "Search Skills by Categories" : {
    "transaction" : "Search Skills by Categories",
    "sampleCount" : 100,
    "errorCount" : 0,
    "errorPct" : 0.0,
    "meanResTime" : 1003.7800000000002,
    "medianResTime" : 989.0,
    "minResTime" : 959.0,
    "maxResTime" : 1279.0,
    "pct1ResTime" : 1021.6,
    "pct2ResTime" : 1109.7499999999995,
    "pct3ResTime" : 1278.87,
    "throughput" : 1.013695019716368,
    "receivedKBytesPerSec" : 5.9406091926932865,
    "sentKBytesPerSec" : 0.7375027243053655
  },
  "Update Education" : {
    "transaction" : "Update Education",
    "sampleCount" : 100,
    "errorCount" : 0,
    "errorPct" : 0.0,
    "meanResTime" : 185.99000000000007,
    "medianResTime" : 188.0,
    "minResTime" : 151.0,
    "maxResTime" : 211.0,
    "pct1ResTime" : 197.9,
    "pct2ResTime" : 199.95,
    "pct3ResTime" : 210.96999999999997,
    "throughput" : 1.0213669975895738,
    "receivedKBytesPerSec" : 0.22242660201413572,
    "sentKBytesPerSec" : 0.7301178146831719
  },
  "Add Language" : {
    "transaction" : "Add Language",
    "sampleCount" : 100,
    "errorCount" : 0,
    "errorPct" : 0.0,
    "meanResTime" : 50.970000000000006,
    "medianResTime" : 46.0,
    "minResTime" : 42.0,
    "maxResTime" : 324.0,
    "pct1ResTime" : 52.0,
    "pct2ResTime" : 53.0,
    "pct3ResTime" : 322.8899999999994,
    "throughput" : 1.0156821321199316,
    "receivedKBytesPerSec" : 0.24003425387990573,
    "sentKBytesPerSec" : 0.6407525950678475
  },
  "Edit Profile Description " : {
    "transaction" : "Edit Profile Description ",
    "sampleCount" : 100,
    "errorCount" : 0,
    "errorPct" : 0.0,
    "meanResTime" : 130.51999999999987,
    "medianResTime" : 127.0,
    "minResTime" : 118.0,
    "maxResTime" : 364.0,
    "pct1ResTime" : 135.0,
    "pct2ResTime" : 140.0,
    "pct3ResTime" : 361.999999999999,
    "throughput" : 1.0239187418086502,
    "receivedKBytesPerSec" : 0.21998254218545216,
    "sentKBytesPerSec" : 0.6019522290711009
  },
  "Add Certifications" : {
    "transaction" : "Add Certifications",
    "sampleCount" : 100,
    "errorCount" : 0,
    "errorPct" : 0.0,
    "meanResTime" : 56.800000000000004,
    "medianResTime" : 56.0,
    "minResTime" : 51.0,
    "maxResTime" : 83.0,
    "pct1ResTime" : 60.0,
    "pct2ResTime" : 62.94999999999999,
    "pct3ResTime" : 82.88999999999994,
    "throughput" : 1.0224426154082102,
    "receivedKBytesPerSec" : 0.22266084300393638,
    "sentKBytesPerSec" : 0.7039277772097541
  },
  "Sign  In" : {
    "transaction" : "Sign  In",
    "sampleCount" : 100,
    "errorCount" : 0,
    "errorPct" : 0.0,
    "meanResTime" : 169.29000000000005,
    "medianResTime" : 162.5,
    "minResTime" : 144.0,
    "maxResTime" : 631.0,
    "pct1ResTime" : 184.0,
    "pct2ResTime" : 199.5499999999999,
    "pct3ResTime" : 626.8299999999979,
    "throughput" : 1.0096115014942249,
    "receivedKBytesPerSec" : 0.48508677610855344,
    "sentKBytesPerSec" : 0.3500117998344237
  },
  "Add Skills" : {
    "transaction" : "Add Skills",
    "sampleCount" : 100,
    "errorCount" : 0,
    "errorPct" : 0.0,
    "meanResTime" : 45.65999999999998,
    "medianResTime" : 45.0,
    "minResTime" : 41.0,
    "maxResTime" : 78.0,
    "pct1ResTime" : 49.0,
    "pct2ResTime" : 50.0,
    "pct3ResTime" : 77.73999999999987,
    "throughput" : 1.0189109879360938,
    "receivedKBytesPerSec" : 0.2059712641628627,
    "sentKBytesPerSec" : 0.637814397721715
  },
  "Delete Language" : {
    "transaction" : "Delete Language",
    "sampleCount" : 100,
    "errorCount" : 100,
    "errorPct" : 100.0,
    "meanResTime" : 7.2500000000000036,
    "medianResTime" : 7.0,
    "minResTime" : 3.0,
    "maxResTime" : 42.0,
    "pct1ResTime" : 10.0,
    "pct2ResTime" : 11.0,
    "pct3ResTime" : 41.69999999999985,
    "throughput" : 1.018962899560827,
    "receivedKBytesPerSec" : 0.11045398618286309,
    "sentKBytesPerSec" : 0.57515679291617
  },
  "Delete Certifications" : {
    "transaction" : "Delete Certifications",
    "sampleCount" : 100,
    "errorCount" : 100,
    "errorPct" : 100.0,
    "meanResTime" : 7.750000000000001,
    "medianResTime" : 7.0,